,Date,Open,High,Low,Close,Volume
3999,11/22/2013,519.52,522.16,518.53,519.8,7990200
4000,11/25/2013,521.02,525.87,521,523.74,8189700
4001,11/26/2013,524.12,536.14,524,533.4,14335100
4002,11/27/2013,536.3098,546,533.4,545.96,12980300
4003,11/29/2013,549.48,558.33,547.81,556.07,11361700
4004,12/2/2013,558,564.3299,550.82,551.23,16876600
4005,12/3/2013,558.3,566.38,557.68,566.322,16106000
4006,12/4/2013,565.5,569.19,560.82,565,13493200
4007,12/5/2013,572.65,575.1358,566.41,567.901,15985000
4008,12/6/2013,565.79,566.75,559.57,560.02,12298300
4009,12/9/2013,560.9001,569.58,560.9001,566.43,11446200
4010,12/10/2013,563.58,567.88,561.2,565.55,9938200
4011,12/11/2013,567,570.97,559.69,561.36,12847100
4012,12/12/2013,562.1415,565.34,560.03,560.54,9367500
4013,12/13/2013,562.85,562.88,553.67,554.43,11886500
4014,12/16/2013,555.02,562.6389,555.01,557.5,10092600
4015,12/17/2013,555.81,559.44,553.375,554.99,8210800
4016,12/18/2013,549.7,551.45,538.8,550.77,20209400
4017,12/19/2013,549.5,550,543.7301,544.46,11439600
4018,12/20/2013,545.43,551.61,544.8175,549.02,15586200
4019,12/23/2013,568,570.72,562.76,570.09,17903800
4020,12/24/2013,569.89,571.88,566.03,567.67,5984100
4021,12/26/2013,568.1,569.5,563.376,563.9,7286000
4022,12/27/2013,563.82,564.41,559.5,560.09,8067300
4023,12/30/2013,557.46,560.09,552.321,554.52,9058200
4024,12/31/2013,554.17,561.28,554,561.02,7967300
4025,1/2/2014,555.68,557.03,552.021,553.13,8381600
4026,1/3/2014,552.86,553.7,540.43,540.98,14016700
4027,1/6/2014,537.45,546.8,533.6,543.93,14736100
4028,1/7/2014,544.32,545.96,537.925,540.0375,11328900
4029,1/8/2014,538.81,545.56,538.69,543.46,9233200
4030,1/9/2014,546.8,546.86,535.3501,536.519,9969600
4031,1/10/2014,539.83,540.8,531.11,532.94,10892000
4032,1/13/2014,529.91,542.5,529.88,535.73,13517600
4033,1/14/2014,538.22,546.73,537.66,546.39,11877200
4034,1/15/2014,553.52,560.2,551.66,557.36,13987100
4035,1/16/2014,554.9,556.85,551.68,554.25,8188500
4036,1/17/2014,551.48,552.07,539.9,540.67,15240700
4037,1/21/2014,540.99,550.07,540.42,549.07,11733100
4038,1/22/2014,550.9147,557.29,547.81,551.51,13570900
4039,1/23/2014,549.94,556.5,544.8064,556.18,14401400
4040,1/24/2014,554,555.62,544.75,546.07,15334100
4041,1/27/2014,550.07,554.8,545.75,550.5,19817100
4042,1/28/2014,508.76,515,502.07,506.5,38054400
4043,1/29/2014,503.95,507.37,498.62,500.75,17957500
4044,1/30/2014,502.54,506.5,496.7,499.782,24232200
4045,1/31/2014,495.18,501.53,493.55,500.6,16599900
4046,2/3/2014,502.61,507.73,499.3,501.53,14338000
4047,2/4/2014,505.85,509.46,502.76,508.79,13452900
4048,2/5/2014,506.56,515.28,506.2519,512.59,11726600
4049,2/6/2014,510.06,513.5,507.81,512.51,9205900
4050,2/7/2014,521.38,522.9299,517.38,519.68,13224300
4051,2/10/2014,518.66,531.99,518,528.99,12341400
4052,2/11/2014,530.61,537.75,529.5,535.96,10080600
4053,2/12/2014,536.95,539.56,533.24,535.92,11003600
4054,2/13/2014,534.66,544.85,534.2,544.43,10978500
4055,2/14/2014,542.47,545.9799,541.21,543.99,9747300
4056,2/18/2014,546,551.19,545.61,545.99,9294700
4057,2/19/2014,544.75,546.89,534.35,537.37,11206000
4058,2/20/2014,532.99,537,529,531.15,10923500
4059,2/21/2014,532.7927,534.57,524.6,525.25,9956600
4060,2/24/2014,523.15,529.9199,522.42,527.55,10318200
4061,2/25/2014,529.38,529.565,521,522.06,8284000
4062,2/26/2014,523.61,525,515.6,517.35,9864900
4063,2/27/2014,517.14,528.78,516.05,527.67,10781500
4064,2/28/2014,529.08,532.75,522.12,526.24,13284600
4065,3/3/2014,523.42,530.65,522.81,527.76,8527900
4066,3/4/2014,531,532.64,527.77,531.24,9255000
4067,3/5/2014,530.92,534.75,529.13,532.36,7145100
4068,3/6/2014,532.79,534.4399,528.1,530.75,6624600
4069,3/7/2014,531.09,531.98,526.05,530.44,7883200
4070,3/10/2014,528.36,533.33,528.3391,530.92,6378000
4071,3/11/2014,535.45,538.74,532.59,536.09,9972300
4072,3/12/2014,534.51,537.35,532,536.61,7118800
4073,3/13/2014,537.44,539.66,529.16,530.65,9205100
4074,3/14/2014,528.79,530.89,523,524.69,8471400
4075,3/17/2014,527.7,529.97,525.85,526.74,7126600
4076,3/18/2014,525.9,531.97,525.2001,531.4,7487400
4077,3/19/2014,532.26,536.24,529,531.26,8027000
4078,3/20/2014,529.89,532.67,527.35,528.7,7442800
4079,3/21/2014,531.93,533.75,526.33,532.87,13358800
4080,3/24/2014,538.42,540.5,535.06,539.19,12703600
4081,3/25/2014,541.5,545.75,539.59,544.99,10081900
4082,3/26/2014,546.52,549,538.86,539.78,10706000
4083,3/27/2014,540.015,541.5,535.1201,537.46,7929700
4084,3/28/2014,538.32,538.9399,534.25,536.86,7163000
4085,3/31/2014,539.23,540.81,535.93,536.74,6023900
4086,4/1/2014,537.76,541.87,536.77,541.65,7170000
4087,4/2/2014,542.38,543.48,540.26,542.55,6443600
4088,4/3/2014,541.39,542.5,537.64,538.79,5798000
4089,4/4/2014,539.81,540,530.58,531.82,9830400
4090,4/7/2014,528.02,530.9,521.89,523.47,10351800
4091,4/8/2014,525.19,526.12,518.7001,523.44,8710300
4092,4/9/2014,522.64,530.49,522.02,530.32,7363200
4093,4/10/2014,530.68,532.24,523.17,523.48,8559000
4094,4/11/2014,519,522.83,517.14,519.61,9704200
4095,4/14/2014,521.9,522.16,517.21,521.68,7345500
4096,4/15/2014,520.27,521.64,511.33,517.9599,9517500
4097,4/16/2014,518.05,521.09,514.1354,519.01,7670200
4098,4/17/2014,520,527.76,519.2,524.94,10154800
4099,4/21/2014,525.34,532.14,523.96,531.17,6519600
4100,4/22/2014,528.31,531.826,526.501,531.699,7234400
4101,4/23/2014,529.06,531.13,524.45,524.75,14105000
4102,4/24/2014,568.21,570,560.73,567.77,27139700
4103,4/25/2014,564.53,571.99,563.96,571.94,13938400
4104,4/28/2014,572.8,595.75,572.55,594.09,23910200
4105,4/29/2014,593.74,595.98,589.51,592.33,12049200
4106,4/30/2014,592.64,599.43,589.8,590.09,16308600
4107,5/1/2014,592,594.8,586.36,591.48,8716000
4108,5/2/2014,592.34,594.2,589.71,592.58,6839800
4109,5/5/2014,590.14,601,590,600.96,10252400
4110,5/6/2014,601.8,604.4099,594.41,594.41,13377300
4111,5/7/2014,595.25,597.29,587.73,592.33,10102300
4112,5/8/2014,588.25,594.41,586.4,587.99,8224900
4113,5/9/2014,584.54,586.25,580.33,585.5425,10414200
4114,5/12/2014,587.49,593.66,587.4,592.83,7614600
4115,5/13/2014,592,594.54,590.7,593.76,5704900
4116,5/14/2014,592.43,597.4,591.74,593.87,5943000
4117,5/15/2014,594.7,596.6,588.04,588.82,8244500
4118,5/16/2014,588.63,597.53,585.4,597.51,9866300
4119,5/19/2014,597.85,607.33,597.33,604.59,11348400
4120,5/20/2014,604.51,606.4,600.73,604.71,8387000
4121,5/21/2014,603.83,606.7,602.06,606.31,7030700
4122,5/22/2014,606.6,609.85,604.1,607.27,7170000
4123,5/23/2014,607.25,614.7293,606.47,614.13,8293200
4124,5/27/2014,615.88,625.86,615.63,625.63,12459500
4125,5/28/2014,626.02,629.83,623.78,624.01,11267200
4126,5/29/2014,627.85,636.87,627.77,635.38,13445500
4127,5/30/2014,637.98,644.17,628.9,633,20143600
4128,6/2/2014,633.96,634.83,622.5,628.65,13191100
4129,6/3/2014,628.46,638.74,628.25,637.54,10453900
4130,6/4/2014,637.44,647.89,636.11,644.82,11981500
4131,6/5/2014,646.2,649.3699,642.61,647.35,10850200
4132,6/6/2014,649.9,651.26,644.47,645.57,12497800
4133,6/9/2014,92.7,93.88,91.75,93.7,75414997
4134,6/10/2014,94.73,95.05,93.57,94.25,62777000
4135,6/11/2014,94.13,94.76,93.47,93.86,45681000
4136,6/12/2014,94.04,94.12,91.9,92.29,54749000
4137,6/13/2014,92.2,92.44,90.88,91.28,54525000
4138,6/16/2014,91.51,92.75,91.45,92.2,35561000
4139,6/17/2014,92.31,92.7,91.8,92.08,29726000
4140,6/18/2014,92.27,92.29,91.35,92.18,33514000
4141,6/19/2014,92.29,92.3,91.3389,91.86,35528000
4142,6/20/2014,91.85,92.55,90.9,90.91,100898000
4143,6/23/2014,91.32,91.62,90.6,90.83,43694000
4144,6/24/2014,90.75,91.74,90.19,90.28,39036000
4145,6/25/2014,90.21,90.7,89.65,90.36,36869000
4146,6/26/2014,90.37,91.05,89.8,90.9,32629000
4147,6/27/2014,90.82,92,90.77,91.98,64029000
4148,6/30/2014,92.1,93.725,92.09,92.93,49589000
4149,7/1/2014,93.52,94.07,93.13,93.52,38223000
4150,7/2/2014,93.865,94.06,93.09,93.48,28465000
4151,7/3/2014,93.67,94.1,93.2,94.03,22891800
4152,7/7/2014,94.14,95.99,94.1,95.968,56468000
4153,7/8/2014,96.27,96.8,93.92,95.35,65222000
4154,7/9/2014,95.44,95.95,94.76,95.39,36436000
4155,7/10/2014,93.76,95.55,93.52,95.035,39686000
4156,7/11/2014,95.36,95.89,94.8625,95.22,34018000
4157,7/14/2014,95.86,96.89,95.65,96.45,42810000
4158,7/15/2014,96.8,96.85,95.03,95.32,45477900
4159,7/16/2014,96.97,97.1,94.74,94.78,53502000
4160,7/17/2014,95.03,95.279,92.57,93.0899,57298000
4161,7/18/2014,93.62,94.74,93.02,94.43,49988000
4162,7/21/2014,94.99,95,93.72,93.939,39079000
4163,7/22/2014,94.68,94.89,94.12,94.72,55197000
4164,7/23/2014,95.42,97.88,95.17,97.19,92918000
4165,7/24/2014,97.035,97.32,96.42,97.03,45729000
4166,7/25/2014,96.85,97.84,96.64,97.671,43469000
4167,7/28/2014,97.82,99.24,97.55,99.02,55318000
4168,7/29/2014,99.33,99.44,98.25,98.38,43143000
4169,7/30/2014,98.44,98.7,97.67,98.15,33010000
4170,7/31/2014,97.16,97.45,95.33,95.6,56843000
4171,8/1/2014,94.9,96.62,94.81,96.13,48511000
4172,8/4/2014,96.37,96.58,95.17,95.59,39958000
4173,8/5/2014,95.36,95.68,94.36,95.12,55933000
4174,8/6/2014,94.75,95.48,94.71,94.96,38558000
4175,8/7/2014,94.93,95.95,94.1,94.48,46711000
4176,8/8/2014,94.26,94.82,93.28,94.74,41865000
4177,8/11/2014,95.27,96.08,94.8355,95.99,36585000
4178,8/12/2014,96.04,96.88,95.61,95.97,33795000
4179,8/13/2014,96.15,97.24,96.04,97.24,31916000
4180,8/14/2014,97.33,97.57,96.8,97.5,28116000
4181,8/15/2014,97.9,98.19,96.86,97.98,48951000
4182,8/18/2014,98.49,99.37,97.98,99.16,47572000
4183,8/19/2014,99.41,100.68,99.32,100.53,69274700
4184,8/20/2014,100.44,101.09,99.95,100.57,52612800
4185,8/21/2014,100.57,100.94,100.11,100.58,33421900
4186,8/22/2014,100.29,101.47,100.19,101.32,44102400
4187,8/25/2014,101.79,102.17,101.28,101.54,40144700
4188,8/26/2014,101.42,101.5,100.86,100.889,33119800
4189,8/27/2014,101.02,102.57,100.7,102.13,46827400
4190,8/28/2014,101.59,102.78,101.56,102.25,68389800
4191,8/29/2014,102.86,102.9,102.2,102.5,44567000
4192,9/2/2014,103.06,103.74,102.72,103.3,53491400
4193,9/3/2014,103.1,103.2,98.58,98.94,125233100
4194,9/4/2014,98.85,100.09,97.79,98.12,85594800
4195,9/5/2014,98.8,99.39,98.31,98.97,58353200
4196,9/8/2014,99.3,99.31,98.05,98.36,46277800
4197,9/9/2014,99.08,103.08,96.14,97.99,189560600
4198,9/10/2014,98.01,101.11,97.76,101,100741900
4199,9/11/2014,100.41,101.44,99.62,101.43,62353100
4200,9/12/2014,101.21,102.19,101.08,101.66,62626100
4201,9/15/2014,102.81,103.05,101.44,101.63,61216500
4202,9/16/2014,99.8,101.26,98.89,100.86,66818200
4203,9/17/2014,101.27,101.8,100.5922,101.58,60892400
4204,9/18/2014,101.93,102.35,101.56,101.79,37023900
4205,9/19/2014,102.29,102.35,100.88,100.96,70838500
4206,9/22/2014,101.8,102.14,100.58,101.06,52722000
4207,9/23/2014,100.6,102.94,100.54,102.64,63347200
4208,9/24/2014,102.16,102.85,101.2,101.75,59725174
4209,9/25/2014,100.51,100.71,97.72,97.87,99565849
4210,9/26/2014,98.53,100.75,98.4,100.75,62370501
4211,9/29/2014,98.65,100.435,98.63,100.11,49766312
4212,9/30/2014,100.81,101.54,100.53,100.75,55264139
4213,10/1/2014,100.59,100.69,98.7,99.18,51491286
4214,10/2/2014,99.27,100.22,98.04,99.9,47757828
4215,10/3/2014,99.44,100.21,99.04,99.62,43469585
4216,10/6/2014,99.95,100.65,99.42,99.62,37051182
4217,10/7/2014,99.43,100.12,98.73,98.75,42094183
4218,10/8/2014,98.76,101.11,98.31,100.8,57404674
4219,10/9/2014,101.54,102.38,100.61,101.02,77376525
4220,10/10/2014,100.69,102.03,100.3,100.73,66331592
4221,10/13/2014,101.33,101.78,99.81,99.81,53583368
4222,10/14/2014,100.39,100.52,98.57,98.75,63688562
4223,10/15/2014,97.97,99.15,95.18,97.54,100933600
4224,10/16/2014,95.55,97.72,95.41,96.26,72154523
4225,10/17/2014,97.5,99,96.81,97.67,68179688
4226,10/20/2014,98.315,99.96,98.22,99.76,77517279
4227,10/21/2014,103.02,103.02,101.27,102.47,94623904
4228,10/22/2014,102.84,104.11,102.6,102.99,68263146
4229,10/23/2014,104.08,105.051,103.63,104.83,71074674
4230,10/24/2014,105.18,105.49,104.53,105.22,47053916
4231,10/27/2014,104.85,105.48,104.7,105.11,34187701
4232,10/28/2014,105.4,106.74,105.35,106.74,48060949
4233,10/29/2014,106.65,107.37,106.36,107.34,52687879
4234,10/30/2014,106.959,107.35,105.9,106.98,40654793
4235,10/31/2014,108.01,108.04,107.21,108,44639285
4236,11/3/2014,108.22,110.3,108.01,109.4,52282550
4237,11/4/2014,109.36,109.49,107.72,108.6,41574365
4238,11/5/2014,109.1,109.3,108.125,108.86,37435905
4239,11/6/2014,108.6,108.79,107.8,108.7,34968457
4240,11/7/2014,108.75,109.32,108.55,109.01,33691535
4241,11/10/2014,109.02,109.33,108.67,108.83,27195547
4242,11/11/2014,108.7,109.75,108.4,109.7,27442252
4243,11/12/2014,109.38,111.43,109.37,111.25,46942431
4244,11/13/2014,111.8,113.45,111.6,112.82,59522855
4245,11/14/2014,113.15,114.19,113.05,114.18,44063595
4246,11/17/2014,114.27,117.28,113.3,113.99,46746712
4247,11/18/2014,113.94,115.69,113.89,115.47,44223978
4248,11/19/2014,115.44,115.74,113.8,114.67,41869160
4249,11/20/2014,114.91,116.86,114.85,116.31,43395537
4250,11/21/2014,117.51,117.57,116.03,116.47,57179298
4251,11/24/2014,116.85,118.77,116.62,118.625,47450824
4252,11/25/2014,119.07,119.75,117.45,117.6,68840440
4253,11/26/2014,117.94,119.1,117.83,119,40831886
4254,11/28/2014,119.27,119.4,118.05,118.93,24814402
4255,12/1/2014,118.81,119.25,111.27,115.07,83814037
4256,12/2/2014,113.5,115.75,112.75,114.63,59348940
4257,12/3/2014,115.75,116.35,115.11,115.93,43063440
4258,12/4/2014,115.77,117.2,115.29,115.49,42155776
4259,12/5/2014,115.99,116.08,114.64,115,38318895
4260,12/8/2014,114.1,114.648,111.62,112.4,57664850
4261,12/9/2014,110.19,114.3,109.35,114.12,60208036
4262,12/10/2014,114.41,114.85,111.54,111.95,44565318
4263,12/11/2014,112.26,113.8,111.34,111.62,41471578
4264,12/12/2014,110.46,111.87,109.58,109.73,56028138
4265,12/15/2014,110.7,111.6,106.35,108.225,67218082
4266,12/16/2014,106.37,110.16,106.26,106.745,60790733
4267,12/17/2014,107.12,109.84,106.82,109.41,53411773
4268,12/18/2014,111.87,112.65,110.66,112.65,59006218
4269,12/19/2014,112.26,113.24,111.66,111.78,88429770
4270,12/22/2014,112.16,113.49,111.97,112.94,45167549
4271,12/23/2014,113.23,113.33,112.46,112.54,26028419
4272,12/24/2014,112.58,112.71,112.01,112.01,14479611
4273,12/26/2014,112.1,114.52,112.01,113.99,33720951
4274,12/29/2014,113.79,114.77,113.7,113.91,27598920
4275,12/30/2014,113.64,113.92,112.11,112.52,29881477
4276,12/31/2014,112.82,113.13,110.21,110.38,41403351
4277,1/2/2015,111.39,111.44,107.35,109.33,53204626
4278,1/5/2015,108.29,108.65,105.41,106.25,64285491
4279,1/6/2015,106.54,107.43,104.63,106.26,65797116
4280,1/7/2015,107.2,108.2,106.695,107.75,40105934
4281,1/8/2015,109.23,112.15,108.7,111.89,59364547
4282,1/9/2015,112.67,113.25,110.21,112.01,53315099
4283,1/12/2015,112.6,112.63,108.8,109.25,49650790
4284,1/13/2015,111.43,112.8,108.91,110.22,67091928
4285,1/14/2015,109.04,110.49,108.5,109.8,48956588
4286,1/15/2015,110,110.06,106.66,106.82,60013996
4287,1/16/2015,107.03,107.58,105.2,105.99,78513345
4288,1/20/2015,107.84,108.9667,106.5,108.72,49899907
4289,1/21/2015,108.95,111.06,108.27,109.55,48575897
4290,1/22/2015,110.26,112.47,109.72,112.4,53796409
4291,1/23/2015,112.3,113.75,111.53,112.98,46464828
4292,1/26/2015,113.74,114.3626,112.8,113.1,55614979
4293,1/27/2015,112.42,112.48,109.03,109.14,95568749
4294,1/28/2015,117.625,118.12,115.31,115.31,146477063
4295,1/29/2015,116.32,119.19,115.56,118.9,84436432
4296,1/30/2015,118.4,120,116.85,117.16,83745461
4297,2/2/2015,118.05,119.17,116.08,118.63,62739100
4298,2/3/2015,118.5,119.09,117.61,118.65,51915749
4299,2/4/2015,118.5,120.51,118.309,119.56,70149743
4300,2/5/2015,120.02,120.23,119.25,119.94,42246245
4301,2/6/2015,120.02,120.25,118.45,118.93,43706567
4302,2/9/2015,118.55,119.84,118.43,119.72,38889797
4303,2/10/2015,120.17,122.15,120.16,122.02,62008506
4304,2/11/2015,122.77,124.92,122.5,124.88,73561797
4305,2/12/2015,126.06,127.48,125.57,126.46,74474466
4306,2/13/2015,127.28,127.28,125.65,127.08,54272219
4307,2/17/2015,127.49,128.88,126.92,127.83,63152405
4308,2/18/2015,127.625,128.78,127.45,128.715,44891737
4309,2/19/2015,128.48,129.03,128.33,128.45,37362381
4310,2/20/2015,128.62,129.5,128.05,129.495,48948419
4311,2/23/2015,130.02,133,129.66,133,70974110
4312,2/24/2015,132.94,133.6,131.17,132.17,69228130
4313,2/25/2015,131.56,131.6,128.15,128.79,74711746
4314,2/26/2015,128.785,130.87,126.61,130.415,91287529
4315,2/27/2015,130,130.57,128.24,128.46,62014847
4316,3/2/2015,129.25,130.28,128.3,129.09,48096663
4317,3/3/2015,128.96,129.52,128.09,129.36,37816283
4318,3/4/2015,129.1,129.56,128.32,128.54,31666340
4319,3/5/2015,128.58,128.75,125.76,126.41,56517146
4320,3/6/2015,128.4,129.37,126.26,126.6,72842060
4321,3/9/2015,127.96,129.57,125.06,127.14,88528487
4322,3/10/2015,126.41,127.22,123.8,124.51,68856582
4323,3/11/2015,124.75,124.77,122.11,122.24,68938974
4324,3/12/2015,122.31,124.9,121.63,124.45,48362719
4325,3/13/2015,124.4,125.3951,122.58,123.59,51827283
4326,3/16/2015,123.88,124.95,122.87,124.95,35874300
4327,3/17/2015,125.9,127.32,125.65,127.04,51023104
4328,3/18/2015,127,129.16,126.37,128.47,65270945
4329,3/19/2015,128.75,129.2451,127.4,127.495,45809490
4330,3/20/2015,128.25,128.4,125.16,125.9,68695136
4331,3/23/2015,127.12,127.85,126.52,127.21,37709674
4332,3/24/2015,127.23,128.04,126.56,126.69,32842304
4333,3/25/2015,126.54,126.82,123.38,123.38,51655177
4334,3/26/2015,122.76,124.88,122.6,124.24,47572869
4335,3/27/2015,124.57,124.7,122.91,123.25,39546151
4336,3/30/2015,124.05,126.4,124,126.37,47099670
4337,3/31/2015,126.09,126.49,124.355,124.43,42090553
4338,4/1/2015,124.82,125.12,123.1,124.25,40621437
4339,4/2/2015,125.03,125.56,124.19,125.32,32220131
4340,4/6/2015,124.47,127.51,124.33,127.35,37193975
4341,4/7/2015,127.64,128.1218,125.98,126.01,35012268
4342,4/8/2015,125.85,126.4,124.97,125.6,37329243
4343,4/9/2015,125.85,126.58,124.66,126.56,32483974
4344,4/10/2015,125.95,127.21,125.26,127.1,40187953
4345,4/13/2015,128.37,128.57,126.61,126.85,36365123
4346,4/14/2015,127,127.29,125.91,126.3,25524593
4347,4/15/2015,126.41,127.13,126.01,126.78,28970419
4348,4/16/2015,126.28,127.1,126.11,126.17,28368987
4349,4/17/2015,125.55,126.14,124.46,124.75,51957046
4350,4/20/2015,125.57,128.12,125.17,127.6,47054310
4351,4/21/2015,128.1,128.2,126.67,126.91,32435057
4352,4/22/2015,126.99,128.87,126.32,128.62,37654505
4353,4/23/2015,128.3,130.42,128.14,129.67,45770902
4354,4/24/2015,130.49,130.63,129.23,130.28,44525905
4355,4/27/2015,132.31,133.13,131.15,132.65,96954207
4356,4/28/2015,134.455,134.54,129.57,130.56,118923970
4357,4/29/2015,130.16,131.59,128.3,128.64,63386083
4358,4/30/2015,127.5,127.88,124.58,125.15,83195423
4359,5/1/2015,126.1,130.13,125.3,128.95,58512638
4360,5/4/2015,129.5,130.57,128.26,128.7,50988278
4361,5/5/2015,128.15,128.4498,125.78,125.8,49271416
4362,5/6/2015,126.56,126.75,123.36,125.01,72141010
4363,5/7/2015,124.77,126.08,124.02,125.26,43940895
4364,5/8/2015,126.68,127.62,126.11,127.62,55550382
4365,5/11/2015,127.39,127.56,125.625,126.32,42035757
4366,5/12/2015,125.6,126.88,124.82,125.865,48160032
4367,5/13/2015,126.15,127.19,125.87,126.01,34694235
4368,5/14/2015,127.41,128.95,127.16,128.95,45203456
4369,5/15/2015,129.07,129.49,128.21,128.77,38208034
4370,5/18/2015,128.38,130.72,128.36,130.19,50882918
4371,5/19/2015,130.69,130.88,129.64,130.07,44633240
4372,5/20/2015,130,130.98,129.34,130.06,36454932
4373,5/21/2015,130.07,131.63,129.83,131.39,39730364
4374,5/22/2015,131.6,132.97,131.4,132.54,45595972
4375,5/26/2015,132.6,132.91,129.12,129.62,70697560
4376,5/27/2015,130.34,132.26,130.05,132.045,45833246
4377,5/28/2015,131.86,131.95,131.1,131.78,30733309
4378,5/29/2015,131.23,131.45,129.9,130.28,50884452
4379,6/1/2015,131.2,131.39,130.05,130.535,32112797
4380,6/2/2015,129.86,130.655,129.32,129.96,33667627
4381,6/3/2015,130.66,130.94,129.9,130.12,30983542
4382,6/4/2015,129.58,130.58,128.91,129.36,38450118
4383,6/5/2015,129.5,129.69,128.36,128.65,35626800
4384,6/8/2015,128.9,129.21,126.83,127.8,52674786
4385,6/9/2015,126.7,128.08,125.62,127.42,56075420
4386,6/10/2015,127.92,129.34,127.85,128.88,39087250
4387,6/11/2015,129.18,130.18,128.475,128.59,35390887
4388,6/12/2015,128.185,128.33,127.11,127.17,36886246
4389,6/15/2015,126.1,127.24,125.71,126.92,43988946
4390,6/16/2015,127.03,127.85,126.37,127.6,31494131
4391,6/17/2015,127.72,127.88,126.74,127.3,32918071
4392,6/18/2015,127.23,128.31,127.22,127.88,35407220
4393,6/19/2015,127.71,127.82,126.4,126.6,54716887
4394,6/22/2015,127.49,128.06,127.08,127.61,34039345
4395,6/23/2015,127.48,127.61,126.8792,127.03,30268863
4396,6/24/2015,127.21,129.8,127.12,128.11,55280855
4397,6/25/2015,128.86,129.2,127.5,127.5,31938100
4398,6/26/2015,127.67,127.99,126.51,126.75,44066841
4399,6/29/2015,125.46,126.47,124.48,124.53,49161427
4400,6/30/2015,125.57,126.12,124.86,125.425,44370682
4401,7/1/2015,126.9,126.94,125.99,126.6,30238811
4402,7/2/2015,126.43,126.69,125.77,126.44,27210952
4403,7/6/2015,124.94,126.23,124.85,126,28060431
4404,7/7/2015,125.89,126.15,123.77,125.69,46946811
4405,7/8/2015,124.48,124.64,122.54,122.57,60761614
4406,7/9/2015,123.85,124.06,119.22,120.07,78595038
4407,7/10/2015,121.94,123.85,121.21,123.28,61354474
4408,7/13/2015,125.03,125.755,124.32,125.66,41440538
4409,7/14/2015,126.04,126.37,125.04,125.61,31768139
4410,7/15/2015,125.72,127.15,125.58,126.82,33649200
4411,7/16/2015,127.74,128.57,127.35,128.51,36222447
4412,7/17/2015,129.08,129.62,128.31,129.62,46164710
4413,7/20/2015,130.97,132.97,130.7,132.07,58900203
4414,7/21/2015,132.85,132.92,130.32,130.75,76756427
4415,7/22/2015,121.99,125.5,121.99,125.22,115450607
4416,7/23/2015,126.2,127.09,125.06,125.16,50999452
4417,7/24/2015,125.32,125.74,123.9,124.5,42162332
4418,7/27/2015,123.09,123.61,122.12,122.77,44455540
4419,7/28/2015,123.38,123.91,122.55,123.38,33618097
4420,7/29/2015,123.15,123.5,122.27,122.99,37011653
4421,7/30/2015,122.32,122.5699,121.71,122.37,33628268
4422,7/31/2015,122.6,122.6425,120.91,121.3,42884953
4423,8/3/2015,121.5,122.57,117.52,118.44,69975968
4424,8/4/2015,117.42,117.7,113.25,114.64,124138623
4425,8/5/2015,112.95,117.44,112.1,115.4,98384461
4426,8/6/2015,115.97,116.5,114.115,115.13,52903040
4427,8/7/2015,114.58,116.25,114.5,115.52,38670405
4428,8/10/2015,116.53,119.99,116.53,119.72,54951597
4429,8/11/2015,117.81,118.18,113.33,113.49,97082814
4430,8/12/2015,112.53,115.42,109.63,115.24,101685610
4431,8/13/2015,116.04,116.4,114.54,115.15,48535789
4432,8/14/2015,114.32,116.31,114.01,115.96,42929516
4433,8/17/2015,116.04,117.65,115.5,117.16,40884745
4434,8/18/2015,116.43,117.44,116.01,116.5,34560708
4435,8/19/2015,116.1,116.52,114.68,115.01,48286510
4436,8/20/2015,114.08,114.35,111.63,112.65,68501622
4437,8/21/2015,110.43,111.9,105.645,105.76,128275471
4438,8/24/2015,94.87,108.8,92,103.12,162206292
4439,8/25/2015,111.11,111.11,103.5,103.74,103601599
4440,8/26/2015,107.085,109.89,105.05,109.69,96774611
4441,8/27/2015,112.25,113.24,110.02,112.92,84616056
4442,8/28/2015,112.17,113.31,111.54,113.29,53164407
4443,8/31/2015,112.13,114.53,112,112.76,56229271
4444,9/1/2015,110.18,111.88,107.36,107.72,76845860
4445,9/2/2015,110,112.34,109.131,112.34,61888812
4446,9/3/2015,112.49,112.78,110.04,110.37,53233940
4447,9/4/2015,108.97,110.45,108.51,109.27,49996311
4448,9/8/2015,111.65,112.56,110.32,112.31,54843626
4449,9/9/2015,113.76,114.02,109.77,110.15,85010804
4450,9/10/2015,110.27,113.2825,109.9,112.57,62892831
4451,9/11/2015,111.79,114.21,111.76,114.21,49915473
4452,9/14/2015,116.58,116.89,114.86,115.31,58363431
4453,9/15/2015,115.93,116.53,114.42,116.28,43341155
4454,9/16/2015,116.25,116.54,115.44,116.41,37173489
4455,9/17/2015,115.66,116.49,113.715,113.92,64112641
4456,9/18/2015,112.21,114.3,111.87,113.45,74285291
4457,9/21/2015,113.67,115.37,113.66,115.21,50221965
4458,9/22/2015,113.38,114.18,112.5201,113.4,50346159
4459,9/23/2015,113.63,114.72,113.3,114.32,35756716
4460,9/24/2015,113.25,115.5,112.37,115,50219475
4461,9/25/2015,116.44,116.69,114.02,114.71,56151926
4462,9/28/2015,113.85,114.57,112.44,112.44,50782189
4463,9/29/2015,112.83,113.51,107.86,109.06,73365384
4464,9/30/2015,110.17,111.54,108.73,110.3,65041596
4465,10/1/2015,109.07,109.62,107.31,109.58,63929100
4466,10/2/2015,108.01,111.0136,107.55,110.38,58019758
4467,10/5/2015,109.88,111.3698,109.07,110.78,52064743
4468,10/6/2015,110.63,111.74,109.765,111.31,48856977
4469,10/7/2015,111.74,111.77,109.41,110.78,46765550
4470,10/8/2015,110.19,110.19,108.21,109.5,61979577
4471,10/9/2015,110,112.28,109.49,112.12,52766140
4472,10/12/2015,112.73,112.75,111.44,111.6,30467204
4473,10/13/2015,110.82,112.45,110.68,111.79,33049256
4474,10/14/2015,111.29,111.52,109.56,110.21,44462449
4475,10/15/2015,110.93,112.1,110.49,111.86,37673452
4476,10/16/2015,111.78,112,110.53,111.04,39232609
4477,10/19/2015,110.8,111.75,110.11,111.73,29759153
4478,10/20/2015,111.34,114.17,110.82,113.77,48967763
4479,10/21/2015,114,115.58,113.7,113.76,42326974
4480,10/22/2015,114.33,115.5,114.1,115.5,41654089
4481,10/23/2015,116.7,119.228,116.33,119.08,59366914
4482,10/26/2015,118.08,118.13,114.92,115.28,66333781
4483,10/27/2015,115.4,116.54,113.99,114.55,69884400
4484,10/28/2015,116.93,119.3,116.06,119.27,85551352
4485,10/29/2015,118.7,120.69,118.27,120.53,51227334
4486,10/30/2015,120.99,121.22,119.45,119.5,49365254
4487,11/2/2015,119.87,121.36,119.61,121.18,32203267
4488,11/3/2015,120.79,123.49,120.7,122.57,45518976
4489,11/4/2015,123.13,123.82,121.62,122,44886050
4490,11/5/2015,121.85,122.69,120.18,120.92,39552680
4491,11/6/2015,121.11,121.81,120.62,121.06,33042283
4492,11/9/2015,120.96,121.81,120.05,120.57,33871405
4493,11/10/2015,116.9,118.07,116.061,116.77,59127931
4494,11/11/2015,116.37,117.42,115.21,116.11,45217971
4495,11/12/2015,116.26,116.82,115.65,115.72,32525579
4496,11/13/2015,115.2,115.57,112.27,112.34,45812403
4497,11/16/2015,111.38,114.24,111,114.175,38106701
4498,11/17/2015,114.92,115.05,113.32,113.69,27583101
4499,11/18/2015,115.76,117.49,115.5,117.29,46674697
4500,11/19/2015,117.64,119.75,116.76,118.78,43295820
4501,11/20/2015,119.2,119.92,118.85,119.3,34287096
4502,11/23/2015,119.27,119.73,117.34,117.75,32482528
4503,11/24/2015,117.33,119.35,117.12,118.88,42803172
4504,11/25/2015,119.21,119.23,117.92,118.03,21388308
4505,11/27/2015,118.29,118.41,117.6,117.81,13046445
4506,11/30/2015,117.99,119.41,117.75,118.3,39180322
4507,12/1/2015,118.75,118.81,116.86,117.34,34852374
4508,12/2/2015,117.05,118.11,116.08,116.28,33386563
4509,12/3/2015,116.55,116.79,114.22,115.2,41569509
4510,12/4/2015,115.29,119.25,115.11,119.03,57776977
4511,12/7/2015,118.98,119.86,117.81,118.28,32084249
4512,12/8/2015,117.52,118.6,116.86,118.23,34309450
4513,12/9/2015,117.64,117.69,115.08,115.62,46361357
4514,12/10/2015,116.04,116.94,115.51,116.17,29212727
4515,12/11/2015,115.19,115.39,112.851,113.18,46886161
4516,12/14/2015,112.18,112.68,109.79,112.48,65003609
4517,12/15/2015,111.94,112.8,110.35,110.49,53323105
4518,12/16/2015,111.07,111.99,108.8,111.34,56238467
4519,12/17/2015,112.02,112.25,108.98,108.98,44772827
4520,12/18/2015,108.91,109.52,105.81,106.03,96453327
4521,12/21/2015,107.28,107.37,105.57,107.33,47590610
4522,12/22/2015,107.4,107.72,106.451,107.23,32789367
4523,12/23/2015,107.27,108.85,107.2,108.61,32657354
4524,12/24/2015,109,109,107.95,108.03,13596680
4525,12/28/2015,107.59,107.69,106.1807,106.82,26704210
4526,12/29/2015,106.96,109.43,106.86,108.74,30931243
4527,12/30/2015,108.58,108.7,107.18,107.32,25213777
4528,12/31/2015,107.01,107.03,104.82,105.26,40912316
4529,1/4/2016,102.61,105.368,102,105.35,67649387
4530,1/5/2016,105.75,105.85,102.41,102.71,55790992
4531,1/6/2016,100.56,102.37,99.87,100.7,68457388
4532,1/7/2016,98.68,100.13,96.43,96.45,81094428
4533,1/8/2016,98.55,99.11,96.76,96.96,70798016
4534,1/11/2016,98.97,99.06,97.34,98.53,49739377
4535,1/12/2016,100.55,100.69,98.8399,99.96,49154227
4536,1/13/2016,100.32,101.19,97.3,97.39,62439631
4537,1/14/2016,97.96,100.48,95.74,99.52,63170127
4538,1/15/2016,96.2,97.71,95.36,97.13,79833891
4539,1/19/2016,98.41,98.65,95.5,96.66,53087747
4540,1/20/2016,95.1,98.1897,93.42,96.79,72334416
4541,1/21/2016,97.06,97.88,94.94,96.3,52161463
4542,1/22/2016,98.63,101.46,98.37,101.42,65800467
4543,1/25/2016,101.52,101.53,99.21,99.44,51794525
4544,1/26/2016,99.93,100.88,98.07,99.99,75077002
4545,1/27/2016,96.04,96.6289,93.34,93.42,133369674
4546,1/28/2016,93.79,94.52,92.39,94.09,55678825
4547,1/29/2016,94.79,97.34,94.35,97.34,64416504
4548,2/1/2016,96.47,96.71,95.4,96.43,40943541
4549,2/2/2016,95.42,96.04,94.28,94.48,37357215
4550,2/3/2016,95,96.84,94.08,96.35,45964294
4551,2/4/2016,95.86,97.33,95.19,96.6,46471652
4552,2/5/2016,96.52,96.92,93.69,94.02,46418064
4553,2/8/2016,93.13,95.7,93.04,95.01,54021375
4554,2/9/2016,94.29,95.94,93.93,94.99,44331195
4555,2/10/2016,95.92,96.35,94.1,94.27,42343601
4556,2/11/2016,93.79,94.72,92.59,93.7,50074711
4557,2/12/2016,94.19,94.5,93.01,93.99,40351381
4558,2/16/2016,95.02,96.85,94.61,96.64,49057916
4559,2/17/2016,96.67,98.21,96.15,98.12,44863243
4560,2/18/2016,98.84,98.89,96.091,96.26,39020983
4561,2/19/2016,96,96.7599,95.8,96.04,35374173
4562,2/22/2016,96.31,96.9,95.92,96.88,34280758
4563,2/23/2016,96.4,96.5,94.55,94.69,31942633
4564,2/24/2016,93.98,96.38,93.32,96.1,36255745
4565,2/25/2016,96.05,96.76,95.25,96.76,27582659
4566,2/26/2016,97.2,98.0237,96.58,96.91,28991131
4567,2/29/2016,96.86,98.23,96.65,96.69,35216277
4568,3/1/2016,97.65,100.77,97.42,100.53,50407147
4569,3/2/2016,100.51,100.89,99.64,100.75,33169560
4570,3/3/2016,100.58,101.7099,100.45,101.5,36955742
4571,3/4/2016,102.37,103.75,101.37,103.01,46055100
4572,3/7/2016,102.39,102.83,100.96,101.87,35915810
4573,3/8/2016,100.78,101.76,100.4,101.03,31182194
4574,3/9/2016,101.31,101.58,100.27,101.12,27201683
4575,3/10/2016,101.41,102.24,100.15,101.17,33513577
4576,3/11/2016,102.24,102.28,101.5,102.26,27408237
4577,3/14/2016,101.91,102.91,101.78,102.52,25076062
4578,3/15/2016,103.96,105.18,103.85,104.58,40067734
4579,3/16/2016,104.61,106.31,104.59,105.97,38303493
4580,3/17/2016,105.52,106.47,104.96,105.8,34420705
4581,3/18/2016,106.34,106.5,105.19,105.92,44205171
4582,3/21/2016,105.93,107.65,105.1401,105.91,35502678
4583,3/22/2016,105.25,107.29,105.21,106.72,32444375
4584,3/23/2016,106.48,107.07,105.9,106.13,25703495
4585,3/24/2016,105.47,106.25,104.89,105.67,26132955
4586,3/28/2016,106,106.19,105.06,105.19,19411372
4587,3/29/2016,104.89,107.79,104.88,107.68,31190083
4588,3/30/2016,108.65,110.42,108.6,109.56,45601149
4589,3/31/2016,109.72,109.9,108.88,108.99,25888449
4590,4/1/2016,108.78,110,108.2,109.99,25873950
4591,4/4/2016,110.42,112.19,110.27,111.12,37356204
4592,4/5/2016,109.51,110.73,109.42,109.81,26578652
4593,4/6/2016,110.23,110.98,109.2,110.96,26404077
4594,4/7/2016,109.95,110.42,108.121,108.54,31801870
4595,4/8/2016,108.91,109.77,108.17,108.66,23581740
4596,4/11/2016,108.97,110.61,108.83,109.02,29407518
4597,4/12/2016,109.34,110.5,108.66,110.44,27232325
4598,4/13/2016,110.8,112.34,110.8,112.04,33257316
4599,4/14/2016,111.62,112.39,111.33,112.1,25473923
4600,4/15/2016,112.11,112.3,109.73,109.85,46938969
4601,4/18/2016,108.89,108.95,106.94,107.48,60821461
4602,4/19/2016,107.88,108,106.23,106.91,32384879
4603,4/20/2016,106.64,108.09,106.06,107.13,30611030
4604,4/21/2016,106.93,106.93,105.52,105.97,31552525
4605,4/22/2016,105.01,106.48,104.62,105.68,33683121
4606,4/25/2016,105,105.65,104.51,105.08,28031588
4607,4/26/2016,103.91,105.3,103.91,104.35,56016165
4608,4/27/2016,96,98.71,95.68,97.82,114602142
4609,4/28/2016,97.61,97.88,94.25,94.83,82242690
4610,4/29/2016,93.99,94.72,92.51,93.74,68531478
4611,5/2/2016,93.965,94.08,92.4,93.64,48160104
4612,5/3/2016,94.2,95.74,93.68,95.18,56831277
4613,5/4/2016,95.2,95.9,93.82,94.19,41025475
4614,5/5/2016,94,94.07,92.68,93.24,35890500
4615,5/6/2016,93.37,93.45,91.85,92.72,43699886
4616,5/9/2016,93,93.77,92.59,92.79,32936436
4617,5/10/2016,93.33,93.57,92.11,93.42,33686836
4618,5/11/2016,93.48,93.57,92.46,92.51,28719109
4619,5/12/2016,92.72,92.78,89.47,90.34,76314690
4620,5/13/2016,90,91.67,90,90.52,44392765
4621,5/16/2016,92.39,94.39,91.65,93.88,61259756
4622,5/17/2016,94.55,94.7,93.01,93.49,46916939
4623,5/18/2016,94.16,95.21,93.89,94.56,42062391
4624,5/19/2016,94.64,94.64,93.57,94.2,30442100
4625,5/20/2016,94.64,95.43,94.52,95.22,32025968
4626,5/23/2016,95.87,97.19,95.67,96.43,38018643
4627,5/24/2016,97.22,98.09,96.84,97.9,35140174
4628,5/25/2016,98.67,99.74,98.11,99.62,38642108
4629,5/26/2016,99.68,100.73,98.64,100.41,56331159
4630,5/27/2016,99.44,100.47,99.245,100.35,36341240
4631,5/31/2016,99.6,100.4,98.82,99.86,42307212
4632,6/1/2016,99.02,99.54,98.33,98.46,29173285
4633,6/2/2016,97.6,97.84,96.63,97.72,40191600
4634,6/3/2016,97.79,98.27,97.45,97.92,28504888
4635,6/6/2016,97.99,101.89,97.55,98.63,23292504
4636,6/7/2016,99.25,99.87,98.96,99.03,22409450
4637,6/8/2016,99.02,99.56,98.68,98.94,20848131
4638,6/9/2016,98.5,99.99,98.46,99.65,26601354
4639,6/10/2016,98.53,99.3457,98.48,98.83,31712936
4640,6/13/2016,98.69,99.12,97.1,97.34,38020494
4641,6/14/2016,97.32,98.475,96.75,97.46,31931944
4642,6/15/2016,97.82,98.41,97.03,97.14,29445227
4643,6/16/2016,96.45,97.75,96.07,97.55,31326815
4644,6/17/2016,96.62,96.65,95.3,95.33,61008219
4645,6/20/2016,96,96.57,95.03,95.1,34411901
4646,6/21/2016,94.94,96.35,94.676,95.91,35546358
4647,6/22/2016,96.25,96.89,95.35,95.55,29219122
4648,6/23/2016,95.94,96.29,95.25,96.1,32240187
4649,6/24/2016,92.91,94.655,92.65,93.4,75311356
4650,6/27/2016,93,93.05,91.5,92.04,46622188
4651,6/28/2016,92.9,93.66,92.14,93.59,40444914
4652,6/29/2016,93.97,94.55,93.63,94.4,36531006
4653,6/30/2016,94.44,95.77,94.3,95.6,35836356
4654,7/1/2016,95.49,96.465,95.33,95.89,26026540
4655,7/5/2016,95.39,95.4,94.46,94.99,27705210
4656,7/6/2016,94.6,95.66,94.37,95.53,30949090
4657,7/7/2016,95.7,96.5,95.62,95.94,25139558
4658,7/8/2016,96.49,96.89,96.05,96.68,28912103
4659,7/11/2016,96.75,97.65,96.73,96.98,23794945
4660,7/12/2016,97.17,97.7,97.12,97.42,24167463
4661,7/13/2016,97.41,97.67,96.84,96.87,25892171
4662,7/14/2016,97.39,98.99,97.32,98.79,38918997
4663,7/15/2016,98.92,99.3,98.5,98.78,30136990
4664,7/18/2016,98.7,100.13,98.6,99.83,36493867
4665,7/19/2016,99.56,100,99.34,99.87,23779924
4666,7/20/2016,100,100.46,99.735,99.96,26275968
4667,7/21/2016,99.83,101,99.13,99.43,32702028
4668,7/22/2016,99.26,99.3,98.31,98.66,28313669
4669,7/25/2016,98.25,98.84,96.92,97.34,40382921
4670,7/26/2016,96.82,97.97,96.42,96.67,56239822
4671,7/27/2016,104.265,104.35,102.75,102.95,92344820
4672,7/28/2016,102.83,104.45,102.82,104.34,39869839
4673,7/29/2016,104.19,104.55,103.68,104.21,27733688
4674,8/1/2016,104.41,106.15,104.41,106.05,38167871
4675,8/2/2016,106.05,106.07,104,104.48,33816556
4676,8/3/2016,104.81,105.84,104.77,105.79,30202641
4677,8/4/2016,105.58,106,105.28,105.87,27408650
4678,8/5/2016,106.27,107.65,106.18,107.48,40553402
4679,8/8/2016,107.52,108.37,107.16,108.37,28037220
4680,8/9/2016,108.23,108.94,108.01,108.81,26315204
4681,8/10/2016,108.71,108.9,107.76,108,24008505
4682,8/11/2016,108.52,108.93,107.85,107.93,27484506
4683,8/12/2016,107.78,108.44,107.78,108.18,18660434
4684,8/15/2016,108.14,109.54,108.08,109.48,25868209
4685,8/16/2016,109.63,110.23,109.21,109.38,33794448
4686,8/17/2016,109.1,109.37,108.34,109.22,25355976
4687,8/18/2016,109.23,109.6,109.02,109.08,21984703
4688,8/19/2016,108.77,109.69,108.36,109.36,25368072
4689,8/22/2016,108.86,109.1,107.85,108.51,25820230
4690,8/23/2016,108.59,109.32,108.53,108.85,21257669
4691,8/24/2016,108.565,108.75,107.68,108.03,23675081
4692,8/25/2016,107.39,107.88,106.68,107.57,25086248
4693,8/26/2016,107.41,107.95,106.31,106.94,27766291
4694,8/29/2016,106.62,107.44,106.29,106.82,24970300
4695,8/30/2016,105.8,106.5,105.5,106,24863945
4696,8/31/2016,105.66,106.5699,105.64,106.1,29662406
4697,9/1/2016,106.14,106.8,105.62,106.73,26701523
4698,9/2/2016,107.7,108,106.82,107.73,26802450
4699,9/6/2016,107.9,108.3,107.51,107.7,26880391
4700,9/7/2016,107.83,108.76,107.07,108.36,42364328
4701,9/8/2016,107.25,107.27,105.24,105.52,53002026
4702,9/9/2016,104.64,105.72,103.13,103.13,46556984
4703,9/12/2016,102.65,105.72,102.53,105.44,45292770
4704,9/13/2016,107.51,108.79,107.24,107.95,62176190
4705,9/14/2016,108.73,113.03,108.6,111.77,112340318
4706,9/15/2016,113.86,115.73,113.49,115.57,90613177
4707,9/16/2016,115.12,116.13,114.04,114.92,79886911
4708,9/19/2016,115.19,116.18,113.25,113.58,47023046
4709,9/20/2016,113.05,114.12,112.51,113.57,34514269
4710,9/21/2016,113.85,113.989,112.441,113.55,36003185
4711,9/22/2016,114.35,114.94,114,114.62,31073984
4712,9/23/2016,114.42,114.79,111.55,112.71,52481151
4713,9/26/2016,111.64,113.39,111.55,112.88,29869442
4714,9/27/2016,113,113.18,112.34,113.09,24607412
4715,9/28/2016,113.69,114.64,113.43,113.95,29641085
4716,9/29/2016,113.16,113.8,111.8,112.18,35886990
4717,9/30/2016,112.46,113.37,111.8,113.05,36379106
4718,10/3/2016,112.71,113.05,112.28,112.52,21701760
4719,10/4/2016,113.06,114.31,112.63,113,29736835
4720,10/5/2016,113.4,113.66,112.69,113.05,21453089
4721,10/6/2016,113.7,114.34,113.13,113.89,28779313
4722,10/7/2016,114.31,114.56,113.51,114.06,24358443
4723,10/10/2016,115.02,116.75,114.72,116.05,36235956
4724,10/11/2016,117.7,118.69,116.2,116.3,64041043
4725,10/12/2016,117.35,117.98,116.75,117.34,37586787
4726,10/13/2016,116.79,117.44,115.72,116.98,35192406
4727,10/14/2016,117.88,118.17,117.13,117.63,35652191
4728,10/17/2016,117.33,117.84,116.78,117.55,23624896
4729,10/18/2016,118.18,118.21,117.45,117.47,24553478
4730,10/19/2016,117.25,117.76,113.8,117.12,20034594
4731,10/20/2016,116.86,117.38,116.33,117.06,24125801
4732,10/21/2016,116.81,116.91,116.28,116.6,23192665
4733,10/24/2016,117.1,117.74,117,117.65,23538673
4734,10/25/2016,117.95,118.36,117.31,118.25,48128970
4735,10/26/2016,114.31,115.7,113.31,115.59,66134219
4736,10/27/2016,115.39,115.86,114.1,114.48,34562045
4737,10/28/2016,113.87,115.21,113.45,113.72,37861662
4738,10/31/2016,113.65,114.23,113.2,113.54,26419398
4739,11/1/2016,113.46,113.77,110.53,111.49,43825812
4740,11/2/2016,111.4,112.35,111.23,111.59,28331709
4741,11/3/2016,110.98,111.46,109.55,109.83,26932602
4742,11/4/2016,108.53,110.25,108.11,108.84,30836997
4743,11/7/2016,110.08,110.51,109.46,110.41,32560000
4744,11/8/2016,110.31,111.72,109.7,111.06,24254179
4745,11/9/2016,109.88,111.32,108.05,110.88,59176361
4746,11/10/2016,111.09,111.09,105.83,107.79,57134541
4747,11/11/2016,107.12,108.87,106.55,108.43,34143898
4748,11/14/2016,107.71,107.809,104.08,105.71,51175504
4749,11/15/2016,106.57,107.68,106.1593,107.11,32264510
4750,11/16/2016,106.7,110.23,106.6,109.99,58840522
4751,11/17/2016,109.81,110.35,108.83,109.95,27632003
4752,11/18/2016,109.72,110.54,109.66,110.06,28428917
4753,11/21/2016,110.12,111.99,110.01,111.73,29264571
4754,11/22/2016,111.95,112.42,111.4,111.8,25965534
4755,11/23/2016,111.36,111.51,110.33,111.23,27426394
4756,11/25/2016,111.13,111.87,110.95,111.79,11475922
4757,11/28/2016,111.43,112.465,111.39,111.57,27193983
4758,11/29/2016,110.78,112.03,110.07,111.46,28528750
4759,11/30/2016,111.6,112.2,110.27,110.52,36162258
4760,12/1/2016,110.365,110.94,109.03,109.49,37086862
4761,12/2/2016,109.17,110.09,108.85,109.9,26527997
4762,12/5/2016,110,110.03,108.25,109.11,34324540
4763,12/6/2016,109.5,110.36,109.19,109.95,26195462
4764,12/7/2016,109.26,111.19,109.16,111.03,29998719
4765,12/8/2016,110.86,112.43,110.6,112.12,27068316
4766,12/9/2016,112.31,114.7,112.31,113.95,34402627
4767,12/12/2016,113.29,115,112.49,113.3,26374377
4768,12/13/2016,113.84,115.92,113.75,115.19,43733811
4769,12/14/2016,115.04,116.2,114.98,115.19,34031834
4770,12/15/2016,115.38,116.73,115.23,115.82,46524544
4771,12/16/2016,116.47,116.5,115.645,115.97,44351134
4772,12/19/2016,115.8,117.38,115.75,116.64,27779423
4773,12/20/2016,116.74,117.5,116.68,116.95,21424965
4774,12/21/2016,116.8,117.4,116.78,117.06,23783165
4775,12/22/2016,116.35,116.51,115.64,116.29,26085854
4776,12/23/2016,115.59,116.52,115.59,116.52,14249484
4777,12/27/2016,116.52,117.8,116.49,117.26,18296855
4778,12/28/2016,117.52,118.0166,116.2,116.76,20905892
4779,12/29/2016,116.45,117.1095,116.4,116.73,15039519
4780,12/30/2016,116.65,117.2,115.43,115.82,30586265
4781,1/3/2017,115.8,116.33,114.76,116.15,28781865
4782,1/4/2017,115.85,116.51,115.75,116.02,21118116
4783,1/5/2017,115.92,116.8642,115.81,116.61,22193587
4784,1/6/2017,116.78,118.16,116.47,117.91,31751900
4785,1/9/2017,117.95,119.43,117.94,118.99,33561948
4786,1/10/2017,118.77,119.38,118.3,119.11,24462051
4787,1/11/2017,118.74,119.93,118.6,119.75,27588593
4788,1/12/2017,118.895,119.3,118.21,119.25,27086220
4789,1/13/2017,119.11,119.62,118.81,119.04,26111948
4790,1/17/2017,118.34,120.24,118.22,120,34439843
4791,1/18/2017,120,120.5,119.71,119.99,23712961
4792,1/19/2017,119.4,120.09,119.37,119.78,25597291
4793,1/20/2017,120.45,120.45,119.7346,120,32597892
4794,1/23/2017,120,120.81,119.77,120.08,22050218
4795,1/24/2017,119.55,120.1,119.5,119.97,23211038
4796,1/25/2017,120.42,122.1,120.28,121.88,32586673
4797,1/26/2017,121.67,122.44,121.6,121.94,26337576
4798,1/27/2017,122.14,122.35,121.6,121.95,20562944
4799,1/30/2017,120.93,121.63,120.66,121.63,30377503
4800,1/31/2017,121.15,121.39,120.62,121.35,49200993
4801,2/1/2017,127.03,130.49,127.01,128.75,111985040
4802,2/2/2017,127.975,129.39,127.78,128.53,33710411
4803,2/3/2017,128.31,129.19,128.16,129.08,24507301
4804,2/6/2017,129.13,130.5,128.9,130.29,26845924
4805,2/7/2017,130.54,132.09,130.45,131.53,38183841
4806,2/8/2017,131.35,132.22,131.22,132.04,23004072
4807,2/9/2017,131.65,132.445,131.12,132.42,28349859
4808,2/10/2017,132.46,132.94,132.05,132.12,20065458
4809,2/13/2017,133.08,133.82,132.75,133.29,23035421
4810,2/14/2017,133.47,135.09,133.25,135.02,33226223
4811,2/15/2017,135.52,136.27,134.62,135.51,35623100
4812,2/16/2017,135.67,135.9,134.8398,135.345,22584555
4813,2/17/2017,135.1,135.83,135.1,135.72,22198197
4814,2/21/2017,136.23,136.75,135.98,136.7,24507156
4815,2/22/2017,136.43,137.12,136.11,137.11,20836932
4816,2/23/2017,137.38,137.48,136.3,136.53,20788186
4817,2/24/2017,135.91,136.66,135.28,136.66,21776585
4818,2/27/2017,137.14,137.435,136.28,136.93,20257426
4819,2/28/2017,137.08,137.435,136.7,136.99,23482860
4820,3/1/2017,137.89,140.15,137.595,139.79,36414585
4821,3/2/2017,140,140.2786,138.76,138.96,26210984
4822,3/3/2017,138.78,139.83,138.59,139.78,21571121
4823,3/6/2017,139.365,139.77,138.5959,139.34,21750044
4824,3/7/2017,139.06,139.98,138.79,139.52,17446297
4825,3/8/2017,138.95,139.8,138.82,139,18707236
4826,3/9/2017,138.74,138.79,137.05,138.68,22155904
4827,3/10/2017,139.25,139.3571,138.64,139.14,19612801
4828,3/13/2017,138.85,139.43,138.82,139.2,17421717
4829,3/14/2017,139.3,139.65,138.84,138.99,15309065
4830,3/15/2017,139.41,140.7501,139.025,140.46,25691774
4831,3/16/2017,140.72,141.02,140.26,140.69,19231998
4832,3/17/2017,141,141,139.89,139.99,43884952
4833,3/20/2017,140.4,141.5,140.23,141.46,21542038
4834,3/21/2017,142.11,142.8,139.73,139.84,39529912
4835,3/22/2017,139.845,141.6,139.76,141.42,25860165
4836,3/23/2017,141.26,141.5844,140.61,140.92,20346301
4837,3/24/2017,141.5,141.74,140.35,140.64,22395563
4838,3/27/2017,139.39,141.22,138.62,140.88,23575094
4839,3/28/2017,140.91,144.04,140.62,143.8,33374805
4840,3/29/2017,143.68,144.49,143.19,144.12,29189955
4841,3/30/2017,144.19,144.5,143.5,143.93,21207252
4842,3/31/2017,143.72,144.27,143.01,143.66,19661651
4843,4/3/2017,143.71,144.12,143.05,143.7,19985714
4844,4/4/2017,143.25,144.89,143.17,144.77,19891354
4845,4/5/2017,144.22,145.46,143.81,144.02,27717854
4846,4/6/2017,144.29,144.52,143.45,143.66,21149034
4847,4/7/2017,143.73,144.18,143.27,143.34,16658543
4848,4/10/2017,143.6,143.8792,142.9,143.17,18933397
4849,4/11/2017,142.94,143.35,140.06,141.63,30379376
4850,4/12/2017,141.6,142.15,141.01,141.8,20350000
4851,4/13/2017,141.91,142.38,141.05,141.05,17822880
4852,4/17/2017,141.48,141.88,140.87,141.83,16582094
4853,4/18/2017,141.41,142.04,141.11,141.2,14697544
4854,4/19/2017,141.88,142,140.45,140.68,17328375
4855,4/20/2017,141.22,142.92,141.16,142.44,23319562
4856,4/21/2017,142.44,142.68,141.85,142.27,17320928
4857,4/24/2017,143.5,143.95,143.18,143.64,17116599
4858,4/25/2017,143.91,144.9,143.87,144.53,18216472
4859,4/26/2017,144.47,144.6,143.3762,143.68,19614287
4860,4/27/2017,143.9225,144.16,143.31,143.79,13948980
4861,4/28/2017,144.09,144.3,143.27,143.65,20247187
4862,5/1/2017,145.1,147.2,144.96,146.58,32818760
4863,5/2/2017,147.54,148.09,146.84,147.51,39752670
4864,5/3/2017,145.59,147.49,144.27,147.06,45142806
4865,5/4/2017,146.52,147.14,145.81,146.53,23275690
4866,5/5/2017,146.76,148.98,146.76,148.96,26787359
4867,5/8/2017,149.03,153.7,149.03,153.01,48339210
4868,5/9/2017,153.87,154.88,153.45,153.99,35942435
4869,5/10/2017,153.63,153.94,152.11,153.26,25670456
4870,5/11/2017,152.45,154.07,152.31,153.95,25596687
4871,5/12/2017,154.7,156.42,154.67,156.1,32221756
4872,5/15/2017,156.01,156.65,155.05,155.7,25700983
4873,5/16/2017,155.94,156.06,154.72,155.47,19904679
4874,5/17/2017,153.6,154.57,149.71,150.25,49482818
4875,5/18/2017,151.27,153.34,151.13,152.54,33159664
4876,5/19/2017,153.38,153.98,152.63,153.06,26733798
4877,5/22/2017,154,154.58,152.91,153.99,22340069
4878,5/23/2017,154.9,154.9,153.31,153.8,19430358
4879,5/24/2017,153.84,154.17,152.67,153.34,19118319
4880,5/25/2017,153.73,154.35,153.03,153.87,19044463
4881,5/26/2017,154,154.24,153.31,153.61,21632202
4882,5/30/2017,153.42,154.43,153.33,153.67,20034934
4883,5/31/2017,153.97,154.17,152.38,152.76,23162873
4884,6/1/2017,153.17,153.33,152.22,153.18,16180143
4885,6/2/2017,153.58,155.45,152.89,155.45,27285861
4886,6/5/2017,154.34,154.45,153.46,153.93,24803858
4887,6/6/2017,153.9,155.81,153.78,154.45,26249630
4888,6/7/2017,155.02,155.98,154.48,155.37,20678772
4889,6/8/2017,155.25,155.54,154.4,154.99,20771367
4890,6/9/2017,155.19,155.19,146.02,148.98,64882700
4891,6/12/2017,145.74,146.09,142.51,145.42,71563614
4892,6/13/2017,147.16,147.45,145.15,146.59,33749154
4893,6/14/2017,147.5,147.5,143.84,145.16,31224203
4894,6/15/2017,143.32,144.4798,142.21,144.29,31348832
4895,6/16/2017,143.78,144.5,142.2,142.27,49180748
4896,6/19/2017,143.66,146.74,143.66,146.34,31449132
4897,6/20/2017,146.87,146.87,144.94,145.01,24572170
4898,6/21/2017,145.52,146.0693,144.61,145.87,21064679
4899,6/22/2017,145.77,146.7,145.1199,145.63,18673365
4900,6/23/2017,145.13,147.16,145.11,146.28,25997976
4901,6/26/2017,147.17,148.28,145.38,145.82,25524661
4902,6/27/2017,145.01,146.16,143.62,143.73,24423643
4903,6/28/2017,144.49,146.11,143.1601,145.83,21915939
4904,6/29/2017,144.71,145.13,142.28,143.68,31116980
4905,6/30/2017,144.45,144.96,143.78,144.02,22328979
4906,7/3/2017,144.88,145.3,143.1,143.5,14258300
4907,7/5/2017,143.69,144.79,142.7237,144.09,20758795
4908,7/6/2017,143.02,143.5,142.41,142.73,23374374
4909,7/7/2017,142.9,144.75,142.9,144.18,18505351
4910,7/10/2017,144.11,145.95,143.37,145.06,21030466
4911,7/11/2017,144.73,145.85,144.38,145.53,18311156
4912,7/12/2017,145.87,146.18,144.82,145.74,23617964
4913,7/13/2017,145.5,148.49,145.44,147.77,24922788
4914,7/14/2017,147.97,149.33,147.33,149.04,19961788
4915,7/17/2017,148.82,150.9,148.57,149.56,23243713
4916,7/18/2017,149.2,150.13,148.67,150.08,17713795
4917,7/19/2017,150.48,151.42,149.95,151.02,20615419
4918,7/20/2017,151.5,151.74,150.19,150.34,17053326
4919,7/21/2017,149.99,150.44,148.88,150.27,24671002
4920,7/24/2017,150.58,152.44,149.9,152.09,21122730
4921,7/25/2017,151.8,153.84,151.8,152.74,18612649
4922,7/26/2017,153.35,153.93,153.06,153.46,15172136
4923,7/27/2017,153.75,153.99,147.3,150.56,32175875
4924,7/28/2017,149.89,150.23,149.19,149.5,16832947
4925,7/31/2017,149.9,150.33,148.13,148.73,19422655
4926,8/1/2017,149.1,150.22,148.41,150.05,24725526
4927,8/2/2017,159.28,159.75,156.16,157.14,69222793
4928,8/3/2017,157.05,157.21,155.02,155.57,26000738
4929,8/4/2017,156.07,157.4,155.69,156.39,20349532
4930,8/7/2017,157.06,158.92,156.6701,158.81,21870321
4931,8/8/2017,158.6,161.83,158.27,160.08,35775675
4932,8/9/2017,159.26,161.27,159.11,161.06,25640394
4933,8/10/2017,159.9,160,154.63,155.32,39081017
4934,8/11/2017,156.6,158.5728,156.07,157.48,25943187
4935,8/14/2017,159.32,160.21,158.75,159.85,21754810
4936,8/15/2017,160.66,162.195,160.14,161.6,27936774
4937,8/16/2017,161.94,162.51,160.15,160.95,27321761
4938,8/17/2017,160.52,160.71,157.84,157.86,26925694
4939,8/18/2017,157.86,159.5,156.72,157.5,27012525
4940,8/21/2017,157.5,157.89,155.1101,157.21,26145653
4941,8/22/2017,158.23,160,158.02,159.78,21297812
4942,8/23/2017,159.07,160.47,158.88,159.98,19198189
4943,8/24/2017,160.43,160.74,158.55,159.27,19029621
4944,8/25/2017,159.65,160.56,159.27,159.86,25015218
4945,8/28/2017,160.14,162,159.93,161.47,25279674
4946,8/29/2017,160.1,163.12,160,162.91,29307862
4947,8/30/2017,163.8,163.89,162.61,163.35,26973946
4948,8/31/2017,163.64,164.52,163.48,164,26412439
4949,9/1/2017,164.8,164.94,163.63,164.05,16508568
4950,9/5/2017,163.75,164.25,160.56,162.08,29317054
4951,9/6/2017,162.71,162.99,160.52,161.91,21179047
4952,9/7/2017,162.09,162.24,160.36,161.26,21722995
4953,9/8/2017,160.86,161.15,158.53,158.63,28183159
4954,9/11/2017,160.5,162.05,159.89,161.5,31028926
4955,9/12/2017,162.61,163.96,158.77,160.86,71139119
4956,9/13/2017,159.87,159.96,157.91,159.65,44393752
4957,9/14/2017,158.99,159.4,158.09,158.28,23073646
4958,9/15/2017,158.47,160.97,158,159.88,48203642
4959,9/18/2017,160.11,160.5,157.995,158.67,27939718
4960,9/19/2017,159.51,159.77,158.44,158.73,20347352
4961,9/20/2017,157.9,158.26,153.83,156.07,51693239
4962,9/21/2017,155.8,155.8,152.75,153.39,36643382
4963,9/22/2017,152.02,152.27,150.56,151.89,46114424
4964,9/25/2017,149.99,151.83,149.16,150.55,43922334
4965,9/26/2017,151.78,153.92,151.69,153.14,35470985
4966,9/27/2017,153.8,154.7189,153.54,154.23,24959552
4967,9/28/2017,153.89,154.28,152.7,153.28,21896592
4968,9/29/2017,153.21,154.13,152,154.12,25856530
4969,10/2/2017,154.26,154.45,152.72,153.81,18524860
4970,10/3/2017,154.01,155.09,153.91,154.48,16146388
4971,10/4/2017,153.63,153.86,152.46,153.48,19844177
4972,10/5/2017,154.18,155.44,154.05,155.39,21032800
4973,10/6/2017,154.97,155.49,154.56,155.3,16423749
4974,10/9/2017,155.81,156.73,155.485,155.84,16200129
4975,10/10/2017,156.055,158,155.1,155.9,15456331
4976,10/11/2017,155.97,156.98,155.75,156.55,16607693
4977,10/12/2017,156.35,157.37,155.7299,156,16045720
4978,10/13/2017,156.73,157.28,156.41,156.99,16287608
4979,10/16/2017,157.9,160,157.65,159.88,23894630
4980,10/17/2017,159.78,160.87,159.23,160.47,18816438
4981,10/18/2017,160.42,160.71,159.6,159.76,16158659
4982,10/19/2017,156.75,157.08,155.02,155.98,42111326
4983,10/20/2017,156.61,157.75,155.96,156.25,23612246
4984,10/23/2017,156.89,157.69,155.5,156.17,21654461
4985,10/24/2017,156.29,157.42,156.2,157.1,17137731
4986,10/25/2017,156.91,157.55,155.27,156.41,20126554
4987,10/26/2017,157.23,157.8295,156.78,157.41,16751691
4988,10/27/2017,159.29,163.6,158.7,163.05,43904150
4989,10/30/2017,163.89,168.07,163.72,166.72,43923292
4990,10/31/2017,167.9,169.6499,166.94,169.04,35474672
4991,11/1/2017,169.87,169.94,165.61,166.89,33100847
4992,11/2/2017,167.64,168.5,165.28,168.11,32710040
4993,11/3/2017,174,174.26,171.12,172.5,58683826
4994,11/6/2017,172.365,174.99,171.72,174.25,34242566
4995,11/7/2017,173.91,175.25,173.6,174.81,23910914
4996,11/8/2017,174.66,176.24,174.33,176.24,24409527
4997,11/9/2017,175.11,176.095,173.14,175.88,28636531
4998,11/10/2017,175.11,175.38,174.27,174.67,25061183
4999,11/13/2017,173.5,174.5,173.4,173.97,16828025
5000,11/14/2017,173.04,173.48,171.18,171.34,23588451
5001,11/15/2017,169.97,170.3197,168.38,169.08,28702351
5002,11/16/2017,171.18,171.87,170.3,171.1,23497326
5003,11/17/2017,171.04,171.39,169.64,170.15,21665811
5004,11/20/2017,170.29,170.56,169.56,169.98,15974387
5005,11/21/2017,170.78,173.7,170.78,173.14,24875471
5006,11/22/2017,173.36,175,173.05,174.96,24997274
5007,11/24/2017,175.1,175.5,174.6459,174.97,14026519
5008,11/27/2017,175.05,175.08,173.34,174.09,20536313
5009,11/28/2017,174.3,174.87,171.86,173.07,25468442
5010,11/29/2017,172.63,172.92,167.16,169.48,40788324
5011,11/30/2017,170.43,172.14,168.44,171.85,40172368
5012,12/1/2017,169.95,171.67,168.5,171.05,39590080
5013,12/4/2017,172.48,172.62,169.63,169.8,32115052
5014,12/5/2017,169.06,171.52,168.4,169.64,27008428
5015,12/6/2017,167.5,170.2047,166.46,169.01,28224357
5016,12/7/2017,169.03,170.44,168.91,169.32,24469613
5017,12/8/2017,170.49,171,168.82,169.37,23096872
5018,12/11/2017,169.2,172.89,168.79,172.67,33092051
5019,12/12/2017,172.15,172.39,171.461,171.7,18945457
5020,12/13/2017,172.5,173.54,172,172.27,23142242
5021,12/14/2017,172.4,173.13,171.65,172.22,20219307
5022,12/15/2017,173.63,174.17,172.46,173.97,37054632
5023,12/18/2017,174.88,177.2,174.86,176.42,28831533
5024,12/19/2017,175.03,175.39,174.09,174.54,27078872
5025,12/20/2017,174.87,175.42,173.25,174.35,23000392
5026,12/21/2017,174.17,176.02,174.1,175.01,20356826
5027,12/22/2017,174.68,175.424,174.5,175.01,16052615
5028,12/26/2017,170.8,171.47,169.679,170.57,32968167
5029,12/27/2017,170.1,170.78,169.71,170.6,21672062
5030,12/28/2017,171,171.85,170.48,171.08,15997739
5031,12/29/2017,170.52,170.59,169.22,169.23,25643711
5032,1/2/2018,170.16,172.3,169.26,172.26,25048048
5033,1/3/2018,172.53,174.55,171.96,172.23,28819653
5034,1/4/2018,172.54,173.47,172.08,173.03,22211345
5035,1/5/2018,173.44,175.37,173.05,175,23016177
5036,1/8/2018,174.35,175.61,173.93,174.35,20134092
5037,1/9/2018,174.55,175.06,173.41,174.33,21262614
5038,1/10/2018,173.16,174.3,173,174.29,23589129
5039,1/11/2018,174.59,175.4886,174.49,175.28,17523256
5040,1/12/2018,176.18,177.36,175.65,177.09,25039531
5041,1/16/2018,177.9,179.39,176.14,176.19,29159005
5042,1/17/2018,176.15,179.25,175.07,179.1,32752734
5043,1/18/2018,179.37,180.1,178.25,179.26,30234512
5044,1/19/2018,178.61,179.58,177.41,178.46,30827809
5045,1/22/2018,177.3,177.78,176.6016,177,26023683
5046,1/23/2018,177.3,179.44,176.82,177.04,31702531
5047,1/24/2018,177.25,177.3,173.2,174.22,50562257
5048,1/25/2018,174.505,174.95,170.53,171.11,39661804
5049,1/26/2018,172,172,170.06,171.51,37121805
5050,1/29/2018,170.16,170.16,167.07,167.96,48434424
5051,1/30/2018,165.525,167.37,164.7,166.97,45137026
5052,1/31/2018,166.87,168.4417,166.5,167.43,30984099
5053,2/1/2018,167.165,168.62,166.76,167.78,38099665
5054,2/2/2018,166,166.8,160.1,160.5,85436075
5055,2/5/2018,159.1,163.88,156,156.49,66090446
5056,2/6/2018,154.83,163.72,154,163.03,66625484
5057,2/7/2018,163.085,163.4,159.0685,159.54,50852130
5058,2/8/2018,160.29,161,155.03,155.15,49594129
5059,2/9/2018,157.07,157.89,150.24,156.41,66723743
5060,2/12/2018,158.5,163.89,157.51,162.71,60560145
5061,2/13/2018,161.95,164.75,161.65,164.34,32104756
5062,2/14/2018,163.045,167.54,162.88,167.37,39669178
5063,2/15/2018,169.79,173.09,169,172.99,50609595
5064,2/16/2018,172.36,174.82,171.77,172.43,39638793
5065,2/20/2018,172.05,174.26,171.42,171.85,33531012
5066,2/21/2018,172.83,174.12,171.01,171.07,35833514
5067,2/22/2018,171.8,173.95,171.71,172.5,30504116
5068,2/23/2018,173.67,175.65,173.54,175.5,33329232
5069,2/26/2018,176.35,179.39,176.21,178.97,36886432
5070,2/27/2018,179.1,180.48,178.16,178.39,38685165
5071,2/28/2018,179.26,180.615,178.05,178.12,33604574
5072,3/1/2018,178.54,179.775,172.66,175,48801970
5073,3/2/2018,172.8,176.3,172.45,176.21,38453950
5074,3/5/2018,175.21,177.74,174.52,176.82,28401366
5075,3/6/2018,177.91,178.25,176.13,176.67,23788506
5076,3/7/2018,174.94,175.85,174.27,175.03,31703462
5077,3/8/2018,175.48,177.12,175.07,176.94,23163767
5078,3/9/2018,177.96,180,177.39,179.98,31385134
5079,3/12/2018,180.29,182.39,180.21,181.72,32055405
5080,3/13/2018,182.59,183.5,179.24,179.97,31168404
5081,3/14/2018,180.32,180.52,177.81,178.44,29075469
5082,3/15/2018,178.5,180.24,178.0701,178.65,22584565
5083,3/16/2018,178.65,179.12,177.62,178.02,36836456
5084,3/19/2018,177.32,177.47,173.66,175.3,32804695
5085,3/20/2018,175.24,176.8,174.94,175.24,19314039
5086,3/21/2018,175.04,175.09,171.26,171.27,35247358
5087,3/22/2018,170,172.68,168.6,168.85,41051076
5088,3/23/2018,168.39,169.92,164.94,164.94,40248954
5089,3/26/2018,168.07,173.1,166.44,172.77,36272617
5090,3/27/2018,173.68,175.15,166.92,168.34,38962839
5091,3/28/2018,167.25,170.02,165.19,166.48,41668545
5092,3/29/2018,167.805,171.75,166.9,167.78,38398505
5093,4/2/2018,167.88,168.94,164.47,166.68,37586791
5094,4/3/2018,167.64,168.7455,164.88,168.39,30278046
5095,4/4/2018,164.88,172.01,164.77,171.61,34605489
5096,4/5/2018,172.58,174.2304,172.08,172.8,26933197
5097,4/6/2018,170.97,172.48,168.2,168.38,35005290
5098,4/9/2018,169.88,173.09,169.845,170.05,29017718
5099,4/10/2018,173,174,171.53,173.25,28614241
5100,4/11/2018,172.23,173.9232,171.7,172.44,22431640
5101,4/12/2018,173.41,175,173.04,174.14,22889285
5102,4/13/2018,174.78,175.84,173.85,174.73,25124255
5103,4/16/2018,175.0301,176.19,174.8301,175.82,21578420
5104,4/17/2018,176.49,178.9365,176.41,178.24,26605442
5105,4/18/2018,177.81,178.82,176.88,177.84,20754538
5106,4/19/2018,174.95,175.39,172.66,172.8,34808800
5107,4/20/2018,170.595,171.2184,165.43,165.72,65491140
5108,4/23/2018,166.8348,166.92,164.09,165.24,36515477
5109,4/24/2018,165.67,166.33,161.2201,162.94,33692017
5110,4/25/2018,162.62,165.42,162.41,163.65,28382084
5111,4/26/2018,164.12,165.73,163.37,164.22,27963014
5112,4/27/2018,164,164.33,160.63,162.32,35655839
5113,4/30/2018,162.1302,167.26,161.84,165.26,42427424
5114,5/1/2018,166.4102,169.2,165.27,169.1,53569376
5115,5/2/2018,175.225,177.75,173.8,176.57,66539371
5116,5/3/2018,175.88,177.5,174.4411,176.89,34068180
5117,5/4/2018,178.25,184.25,178.17,183.83,56201317
5118,5/7/2018,185.18,187.67,184.75,185.16,42451423
5119,5/8/2018,184.99,186.22,183.665,186.05,28402777
5120,5/9/2018,186.55,187.4,185.22,187.36,23211241
5121,5/10/2018,187.74,190.37,187.65,190.04,27989289
5122,5/11/2018,189.49,190.06,187.45,188.59,26212221
5123,5/14/2018,189.01,189.53,187.86,188.15,20778772
5124,5/15/2018,186.78,187.07,185.1,186.44,23695159
5125,5/16/2018,186.07,188.46,186,188.18,19183064
5126,5/17/2018,188,188.91,186.36,186.99,17294029
5127,5/18/2018,187.19,187.8102,186.13,186.31,18297728
5128,5/21/2018,188,189.27,186.9106,187.63,18400787
5129,5/22/2018,188.375,188.88,186.78,187.16,15240704
5130,5/23/2018,186.35,188.5,185.76,188.36,20058415
5131,5/24/2018,188.77,188.84,186.21,188.15,23233975
5132,5/25/2018,188.23,189.65,187.65,188.58,17460963
5133,5/29/2018,187.6,188.75,186.87,187.9,22514075
5134,5/30/2018,187.72,188,186.78,187.5,18690547
5135,5/31/2018,187.22,188.23,186.14,186.87,27482793
5136,6/1/2018,187.9912,190.26,187.75,190.24,23442510
5137,6/4/2018,191.635,193.42,191.35,191.83,26266174
5138,6/5/2018,193.065,193.94,192.36,193.31,21565963
5139,6/6/2018,193.63,194.08,191.92,193.98,20933619
5140,6/7/2018,194.14,194.2,192.335,193.46,21347180
5141,6/8/2018,191.17,192,189.77,191.7,26656799
5142,6/11/2018,191.35,191.97,190.21,191.23,18308460
5143,6/12/2018,191.385,192.611,191.15,192.28,16911141
5144,6/13/2018,192.42,192.88,190.44,190.7,21638393
5145,6/14/2018,191.55,191.57,190.22,190.8,21610074
5146,6/15/2018,190.03,190.16,188.26,188.84,61719160
5147,6/18/2018,187.88,189.22,187.2,188.74,18484865
5148,6/19/2018,185.14,186.33,183.45,185.69,33578455
5149,6/20/2018,186.35,187.2,185.73,186.5,20628701
5150,6/21/2018,187.25,188.35,184.94,185.46,25711898
5151,6/22/2018,186.12,186.15,184.7,184.92,27200447
5152,6/25/2018,183.4,184.92,180.73,182.17,31663096
5153,6/26/2018,182.99,186.53,182.54,184.43,24569201
5154,6/27/2018,185.2278,187.28,184.03,184.16,25285328
5155,6/28/2018,184.1,186.21,183.8,185.5,17365235
5156,6/29/2018,186.29,187.19,182.91,185.11,22737666
5157,7/2/2018,183.82,187.3,183.42,187.18,17731343
5158,7/3/2018,187.79,187.95,183.54,183.92,13954806
5159,7/5/2018,185.26,186.41,184.28,185.4,16604248
5160,7/6/2018,185.42,188.434,185.2,187.97,17485245
5161,7/9/2018,189.5,190.68,189.3,190.58,19756634
5162,7/10/2018,190.71,191.28,190.1801,190.35,15939149
5163,7/11/2018,188.5,189.7799,187.61,187.88,18831470
5164,7/12/2018,189.53,191.41,189.31,191.03,18041131
5165,7/13/2018,191.08,191.84,190.9,191.33,12519792
5166,7/16/2018,191.52,192.65,190.415,190.91,15043110
5167,7/17/2018,189.75,191.87,189.2,191.45,15534523
5168,7/18/2018,191.78,191.8,189.93,190.4,16393381
5169,7/19/2018,189.69,192.55,189.69,191.88,20286752
5170,7/20/2018,191.78,192.43,190.17,191.44,20706042
5171,7/23/2018,190.68,191.96,189.56,191.61,15989365
5172,7/24/2018,192.45,193.6601,192.05,193,18697898
5173,7/25/2018,193.0602,194.85,192.43,194.82,16826483
5174,7/26/2018,194.61,195.96,193.61,194.21,19075964
5175,7/27/2018,194.99,195.19,190.1,190.98,24023972
5176,7/30/2018,191.9,192.2,189.07,189.91,21029535
5177,7/31/2018,190.3,192.14,189.34,190.29,39373038
5178,8/1/2018,199.13,201.76,197.31,201.5,67935716
5179,8/2/2018,200.58,208.38,200.35,207.39,62404012
5180,8/3/2018,207.03,208.74,205.4803,207.99,33447396
5181,8/6/2018,208,209.25,207.07,209.07,25425387
5182,8/7/2018,209.32,209.5,206.76,207.11,25587387
5183,8/8/2018,206.05,207.81,204.52,207.25,22525487
5184,8/9/2018,207.28,209.78,207.2,208.88,23492626
5185,8/10/2018,207.36,209.1,206.67,207.53,24611202
5186,8/13/2018,207.7,210.952,207.7,208.87,25890880
5187,8/14/2018,210.155,210.56,208.26,209.75,20748010
5188,8/15/2018,209.22,210.74,208.33,210.24,28807564
5189,8/16/2018,211.75,213.8121,211.47,213.32,28500367
5190,8/17/2018,213.44,217.95,213.16,217.58,35426997
5191,8/20/2018,218.1,219.18,215.11,215.46,30287695
5192,8/21/2018,216.8,217.19,214.025,215.04,26159755
5193,8/22/2018,214.1,216.36,213.84,215.05,19018131
5194,8/23/2018,214.65,217.05,214.6,215.49,18883224
5195,8/24/2018,216.6,216.9,215.11,216.16,18476356
5196,8/27/2018,217.15,218.74,216.33,217.94,20525117
5197,8/28/2018,219.01,220.54,218.92,219.7,22776766
5198,8/29/2018,220.15,223.49,219.41,222.98,27254804
5199,8/30/2018,223.25,228.26,222.4,225.03,48793824
5200,8/31/2018,226.51,228.87,226,227.63,43340134
5201,9/4/2018,228.41,229.18,226.63,228.36,27390132
5202,9/5/2018,228.99,229.67,225.1,226.87,33332960
5203,9/6/2018,226.23,227.35,221.3,223.1,34289976
5204,9/7/2018,221.85,225.37,220.71,221.3,37619810
5205,9/10/2018,220.95,221.85,216.47,218.33,39516453
5206,9/11/2018,218.01,224.299,216.56,223.85,35749049
5207,9/12/2018,224.94,225,219.84,221.07,49278740
5208,9/13/2018,223.52,228.35,222.57,226.41,41706377
5209,9/14/2018,225.75,226.84,222.522,223.84,31999289
5210,9/17/2018,222.15,222.95,217.27,217.88,37195133
5211,9/18/2018,217.79,221.85,217.12,218.24,31571712
5212,9/19/2018,218.5,219.62,215.3,218.37,27123833
5213,9/20/2018,220.24,222.28,219.15,220.03,26608794
5214,9/21/2018,220.78,221.36,217.29,217.66,96246748
5215,9/24/2018,216.82,221.26,216.63,220.79,27693358
5216,9/25/2018,219.75,222.82,219.7,222.19,24554379
5217,9/26/2018,221,223.75,219.76,220.42,23984706
5218,9/27/2018,223.82,226.44,223.54,224.95,30181227
5219,9/28/2018,224.79,225.84,224.02,225.74,22929364
5220,10/1/2018,227.95,229.42,226.35,227.26,23600802
5221,10/2/2018,227.25,230,226.63,229.28,24788170
5222,10/3/2018,230.05,233.47,229.78,232.07,28654799
5223,10/4/2018,230.78,232.35,226.73,227.99,32042000
5224,10/5/2018,227.96,228.41,220.58,224.29,33580463
5225,10/8/2018,222.21,224.8,220.2,223.77,29663923
5226,10/9/2018,223.64,227.27,222.2462,226.87,26891029
5227,10/10/2018,225.46,226.35,216.05,216.36,41990554
5228,10/11/2018,214.52,219.5,212.32,214.45,53124392
5229,10/12/2018,220.42,222.88,216.84,222.11,40337851
5230,10/15/2018,221.16,221.83,217.27,217.36,30791007
5231,10/16/2018,218.93,222.99,216.7627,222.15,29183963
5232,10/17/2018,222.3,222.64,219.34,221.19,22885397
5233,10/18/2018,217.86,219.74,213,216.02,32581315
5234,10/19/2018,218.06,221.26,217.43,219.31,33078726
5235,10/22/2018,219.79,223.36,218.94,220.65,28792082
5236,10/23/2018,215.83,223.25,214.7,222.73,38767846
5237,10/24/2018,222.6,224.23,214.54,215.09,40925163
5238,10/25/2018,217.71,221.38,216.75,219.8,29855768
5239,10/26/2018,215.9,220.19,212.67,216.3,47258375
5240,10/29/2018,219.19,219.69,206.09,212.24,45935520
5241,10/30/2018,211.15,215.18,209.27,213.3,36659990
5242,10/31/2018,216.88,220.45,216.62,218.86,38358933
5243,11/1/2018,219.05,222.36,216.81,222.22,58323180
5244,11/2/2018,209.55,213.65,205.43,207.48,91328654
5245,11/5/2018,204.3,204.39,198.17,201.59,66163669
5246,11/6/2018,201.92,204.72,201.69,203.77,31882881
5247,11/7/2018,205.97,210.06,204.13,209.95,33424434
5248,11/8/2018,209.98,210.12,206.75,208.49,25362636
5249,11/9/2018,205.55,206.01,202.25,204.47,34365750
5250,11/12/2018,199,199.85,193.79,194.17,51135518
5251,11/13/2018,191.63,197.18,191.4501,192.23,46882936
5252,11/14/2018,193.9,194.48,185.93,186.8,60800957
5253,11/15/2018,188.39,191.97,186.9,191.41,46478801
5254,11/16/2018,190.5,194.9695,189.46,193.53,36186440
